{
  "eslint.config.js": 1775978145.620448,
  "extractMeta.mjs": 1776093985.1346145,
  "vite.config.ts": 1776060612.561347,
  "src\\App.tsx": 1776491256.6853426,
  "src\\main.tsx": 1775978145.638435,
  "src\\components\\BigO.tsx": 1776064334.0786574,
  "src\\components\\BigODetail.tsx": 1776068133.9838665,
  "src\\components\\DataStructureVisualizer.tsx": 1775978145.6264791,
  "src\\components\\Hero.tsx": 1776060575.582557,
  "src\\components\\LearningPath.tsx": 1776060905.6988301,
  "src\\components\\Navbar.tsx": 1776399288.6513655,
  "src\\components\\ProblemsPage.tsx": 1776060836.933704,
  "src\\components\\Roadmap.tsx": 1776060822.6772573,
  "src\\components\\TopicCard.tsx": 1776060601.0317044,
  "src\\components\\TopicDetail.tsx": 1776060848.043244,
  "src\\contexts\\ThemeContext.tsx": 1775978145.6283474,
  "src\\data\\advancedProblems.ts": 1776060958.2572894,
  "src\\data\\newProblems.ts": 1775978145.6293697,
  "src\\data\\sortingAndSearchingProblems.ts": 1775978145.6293697,
  "src\\data\\topicsData.fundamentals.ts": 1775978145.6364357,
  "src\\data\\topicsData.old.ts": 1775978145.6374338,
  "src\\data\\topicsData.ts": 1775978145.6374338,
  "src\\data\\topics\\design.ts": 1775978145.6314301,
  "src\\data\\topics\\dynamicProgramming.ts": 1775978145.6314301,
  "src\\data\\topics\\graphs.ts": 1775978145.6314301,
  "src\\data\\topics\\greedy.ts": 1775978145.6314301,
  "src\\data\\topics\\hashTables.ts": 1775978145.6324346,
  "src\\data\\topics\\heaps.ts": 1775978145.6334333,
  "src\\data\\topics\\index.ts": 1775978145.6334333,
  "src\\data\\topics\\linkedLists.ts": 1775978145.6334333,
  "src\\data\\topics\\mathBitLogic.ts": 1775978145.6334333,
  "src\\data\\topics\\recursionBacktracking.ts": 1775978145.6344342,
  "src\\data\\topics\\sorting.ts": 1775978145.6354368,
  "src\\data\\topics\\stacksQueues.ts": 1775978145.6354368,
  "src\\data\\topics\\strings.ts": 1775978145.6354368,
  "src\\data\\topics\\trees.ts": 1775978145.6354368,
  "src\\data\\topics\\tries.ts": 1775978145.6364357,
  "src\\data\\topics\\arrays\\examples.ts": 1775978145.6293697,
  "src\\data\\topics\\arrays\\index.ts": 1775978145.6303704,
  "src\\data\\topics\\arrays\\patterns.ts": 1775978145.6303704,
  "src\\data\\topics\\arrays\\theory.ts": 1775978145.6303704,
  "src\\data\\topics\\arrays\\visualizations.ts": 1775978145.6303704,
  "src\\hooks\\useProgress.ts": 1775978145.6374338,
  "src\\hooks\\useTheme.ts": 1775978145.6374338,
  "src\\pages\\Home.tsx": 1776060590.001788,
  "src\\types\\topic.ts": 1775978145.6394348,
  "CLAUDE.md": 1776484109.185035,
  "README.md": 1776421328.460692,
  "graphify-out\\GRAPH_REPORT.md": 1776491690.4493086,
  "public\\apple-touch-icon.png": 1775978145.6234784,
  "public\\pwa-192x192.png": 1775978145.6234784,
  "public\\pwa-512x512.png": 1775978145.6234784,
  "public\\vite.svg": 1775978145.6244798
}